{
  "questions": [
    {
      "id": "67d74cde18b1e36f2e00003c",
      "S@10": 1,
      "P@10": 0.1,
      "R@10": 1.0,
      "F1@10": 0.18181818181818182,
      "MAP@10": 0,
      "MRR": 1.0,
      "NDCG@10": 0
    },
    {
      "id": "65f7741fc4010b4d78000027",
      "S@10": 1,
      "P@10": 0.1,
      "R@10": 1.0,
      "F1@10": 0.18181818181818182,
      "MAP@10": 0.1111111111111111,
      "MRR": 1.0,
      "NDCG@10": 0.3937288153431494
    },
    {
      "id": "67cc973e81b1027333000011",
      "S@10": 0,
      "P@10": 0.0,
      "R@10": 0.0,
      "F1@10": 0,
      "MAP@10": 0,
      "MRR": 1.0,
      "NDCG@10": 0.0
    }
  ],
  "keywords_stract": "LLM Gemini",
  "Ranked": "PubMedBERT",
  "Query_ranked": "BODY",
  "metrics": {
    "S@10": 0.6666666666666666,
    "P@10": 0.06666666666666667,
    "R@10": 0.6666666666666666,
    "F1@10": 0.12121212121212122,
    "MAP@10": 0.037037037037037035,
    "MRR": 1.0,
    "NDCG@10": 0.13124293844771648
  }
}