{
  "questions": [
    {
      "id": "67d74cde18b1e36f2e00003c",
      "S@10": 1,
      "P@10": 0.1,
      "R@10": 1.0,
      "F1@10": 0.18181818181818182,
      "MAP@10": 0,
      "MRR": 1.0,
      "NDCG@10": 0
    }
  ],
  "keywords_stract": "LLM Gemini",
  "Ranked": "PubMedBERT",
  "Query_ranked": "BODY",
  "metrics": {
    "S@10": 1.0,
    "P@10": 0.1,
    "R@10": 1.0,
    "F1@10": 0.18181818181818182,
    "MAP@10": 0.0,
    "MRR": 1.0,
    "NDCG@10": 0.0
  }
}